customer_id,signup_date,region,segment
C00001,2025-10-16,Northeast,New
C00002,2024-10-08,Southeast,New
C00003,2024-04-14,Northeast,Returning
C00004,2024-02-02,Northeast,New
C00005,2024-08-26,Northeast,Returning
C00006,2025-10-27,West,New
C00007,2025-08-26,Midwest,Returning
C00008,2024-01-07,Southeast,Returning
C00009,2024-12-14,Midwest,New
C00010,2024-12-10,Northeast,New
C00011,2024-04-09,Midwest,Returning
C00012,2025-09-10,Midwest,Returning
C00013,2025-04-15,Northeast,VIP
C00014,2025-01-22,Northeast,Returning
C00015,2025-10-05,Midwest,Returning
C00016,2025-12-22,Northeast,New
C00017,2024-08-21,Midwest,VIP
C00018,2024-08-26,Northeast,New
C00019,2025-04-09,Midwest,New
C00020,2024-12-29,Southeast,Returning
C00021,2025-12-19,Northeast,Returning
C00022,2024-06-24,Southeast,New
C00023,2025-01-23,Midwest,VIP
C00024,2025-10-17,Southeast,Returning
C00025,2024-02-27,Southeast,Returning
C00026,2024-11-19,West,New
C00027,2024-08-04,Midwest,New
C00028,2025-05-26,West,VIP
C00029,2025-10-20,West,New
C00030,2024-05-22,Southeast,Returning
C00031,2025-07-05,Midwest,Returning
C00032,2025-03-14,West,New
C00033,2024-05-21,West,New
C00034,2024-02-18,Northeast,New
C00035,2024-06-12,West,Returning
C00036,2025-01-29,West,Returning
C00037,2025-04-24,Midwest,VIP
C00038,2024-01-12,Northeast,Returning
C00039,2025-07-03,Midwest,Returning
C00040,2024-12-14,Northeast,New
C00041,2024-06-10,West,New
C00042,2024-09-26,Southeast,Returning
C00043,2024-04-18,Midwest,Returning
C00044,2025-06-03,Southeast,New
C00045,2024-06-14,Northeast,Returning
C00046,2025-05-15,Northeast,New
C00047,2025-01-06,Midwest,New
C00048,2024-09-03,Northeast,New
C00049,2025-05-12,Northeast,VIP
C00050,2025-06-29,Southeast,New
C00051,2025-05-01,Southeast,New
C00052,2025-09-13,West,VIP
C00053,2025-07-06,Southeast,Returning
C00054,2025-02-12,Midwest,Returning
C00055,2025-06-13,West,New
C00056,2024-08-18,Northeast,New
C00057,2025-08-25,Southeast,Returning
C00058,2024-01-08,Northeast,Returning
C00059,2024-03-01,Southeast,New
C00060,2024-02-02,Midwest,New
C00061,2024-08-31,Midwest,Returning
C00062,2024-08-07,Southeast,Returning
C00063,2025-08-07,West,New
C00064,2025-04-29,West,New
C00065,2024-04-09,West,New
C00066,2025-02-24,West,VIP
C00067,2024-02-25,Northeast,New
C00068,2024-12-13,Northeast,New
C00069,2024-07-13,West,New
C00070,2024-07-06,Midwest,Returning
C00071,2024-03-18,West,Returning
C00072,2025-07-17,Northeast,New
C00073,2025-07-07,Northeast,VIP
C00074,2024-08-30,Southeast,Returning
C00075,2025-05-07,Southeast,VIP
C00076,2024-03-01,Southeast,New
C00077,2025-02-03,Midwest,VIP
C00078,2025-04-10,Midwest,Returning
C00079,2025-07-23,West,New
C00080,2024-10-30,Southeast,VIP
C00081,2025-08-16,Northeast,Returning
C00082,2024-02-28,Northeast,Returning
C00083,2025-05-29,Southeast,New
C00084,2025-06-04,Northeast,VIP
C00085,2024-03-11,Northeast,Returning
C00086,2024-08-28,West,New
C00087,2025-08-06,Southeast,Returning
C00088,2024-02-10,Northeast,Returning
C00089,2025-08-20,Midwest,VIP
C00090,2024-07-28,Midwest,New
C00091,2025-02-09,Southeast,Returning
C00092,2024-11-03,West,New
C00093,2024-03-15,Northeast,Returning
C00094,2025-07-30,Northeast,New
C00095,2024-08-06,Midwest,New
C00096,2024-12-23,Northeast,VIP
C00097,2025-01-13,Midwest,New
C00098,2025-07-10,Midwest,Returning
C00099,2025-10-31,Northeast,Returning
C00100,2025-07-21,Midwest,VIP
C00101,2024-04-16,Southeast,New
C00102,2024-04-19,Southeast,New
C00103,2025-09-11,Southeast,Returning
C00104,2024-07-27,Midwest,Returning
C00105,2024-09-14,Northeast,New
C00106,2025-03-09,Midwest,New
C00107,2024-12-07,Southeast,Returning
C00108,2024-09-25,Southeast,Returning
C00109,2025-07-18,West,Returning
C00110,2024-04-24,Northeast,VIP
C00111,2025-12-08,Southeast,Returning
C00112,2025-01-13,Southeast,Returning
C00113,2024-02-12,Midwest,New
C00114,2024-02-10,Midwest,New
C00115,2024-09-12,Northeast,New
C00116,2025-07-27,West,VIP
C00117,2024-06-07,Southeast,VIP
C00118,2024-06-30,West,New
C00119,2024-12-06,West,Returning
C00120,2024-09-11,Midwest,New
C00121,2025-12-19,Northeast,New
C00122,2024-02-09,West,New
C00123,2025-04-16,Midwest,New
C00124,2024-08-21,Southeast,New
C00125,2024-07-16,West,New
C00126,2024-03-12,Midwest,New
C00127,2025-06-05,West,Returning
C00128,2025-07-03,Midwest,VIP
C00129,2024-04-28,Midwest,New
C00130,2024-09-28,Northeast,New
C00131,2025-03-20,Midwest,Returning
C00132,2024-11-17,West,Returning
C00133,2025-06-07,Northeast,New
C00134,2025-08-13,Southeast,New
C00135,2025-12-26,West,New
C00136,2025-07-05,Southeast,New
C00137,2024-03-12,Midwest,Returning
C00138,2025-11-10,Northeast,Returning
C00139,2024-11-03,Midwest,Returning
C00140,2024-11-30,West,Returning
C00141,2025-07-21,Southeast,New
C00142,2025-11-11,West,Returning
C00143,2024-06-27,Midwest,Returning
C00144,2024-01-01,Midwest,New
C00145,2025-03-16,Midwest,Returning
C00146,2025-03-28,Southeast,Returning
C00147,2024-06-22,Northeast,New
C00148,2025-11-10,Midwest,New
C00149,2024-08-28,Midwest,New
C00150,2024-07-22,Southeast,New
C00151,2024-09-07,West,Returning
C00152,2024-03-15,West,Returning
C00153,2025-10-06,Southeast,Returning
C00154,2025-01-28,West,New
C00155,2024-05-31,Northeast,VIP
C00156,2024-04-19,West,New
C00157,2025-12-13,West,New
C00158,2024-09-12,Northeast,Returning
C00159,2025-04-20,Midwest,VIP
C00160,2025-03-29,West,Returning
C00161,2025-07-15,West,VIP
C00162,2025-05-01,West,New
C00163,2024-09-10,Midwest,Returning
C00164,2025-06-17,West,Returning
C00165,2024-10-08,West,New
C00166,2024-10-19,Southeast,New
C00167,2024-11-23,Northeast,New
C00168,2024-08-24,West,Returning
C00169,2025-12-24,Southeast,New
C00170,2025-02-21,Midwest,Returning
C00171,2025-03-01,Northeast,New
C00172,2025-03-06,West,VIP
C00173,2025-08-21,Northeast,VIP
C00174,2025-08-12,West,Returning
C00175,2024-12-26,Midwest,Returning
C00176,2025-03-05,Southeast,Returning
C00177,2024-10-06,West,Returning
C00178,2025-02-02,Midwest,Returning
C00179,2025-02-18,Southeast,Returning
C00180,2024-05-10,Northeast,VIP
C00181,2025-08-29,Northeast,New
C00182,2025-03-14,Southeast,VIP
C00183,2024-07-05,Northeast,New
C00184,2024-12-01,Southeast,Returning
C00185,2024-12-11,West,New
C00186,2025-03-07,Midwest,Returning
C00187,2025-04-26,Northeast,Returning
C00188,2024-02-23,Midwest,New
C00189,2024-03-11,Northeast,Returning
C00190,2024-09-10,Southeast,Returning
C00191,2025-09-28,Southeast,New
C00192,2025-04-29,Northeast,Returning
C00193,2024-08-11,West,Returning
C00194,2025-01-12,Southeast,Returning
C00195,2024-04-27,Southeast,VIP
C00196,2024-04-20,Northeast,VIP
C00197,2025-08-12,West,New
C00198,2024-07-22,Northeast,Returning
C00199,2025-10-04,Southeast,New
C00200,2024-11-04,Northeast,Returning
C00201,2025-08-02,Northeast,New
C00202,2025-03-14,Midwest,New
C00203,2025-10-25,Midwest,New
C00204,2025-03-06,West,New
C00205,2025-01-05,West,Returning
C00206,2025-03-21,Southeast,Returning
C00207,2025-10-28,Midwest,Returning
C00208,2025-07-05,West,Returning
C00209,2025-08-29,Midwest,New
C00210,2024-09-08,Northeast,New
C00211,2025-04-06,Southeast,Returning
C00212,2025-08-06,West,New
C00213,2025-05-21,Midwest,New
C00214,2024-08-05,Midwest,Returning
C00215,2024-12-14,Midwest,VIP
C00216,2025-12-19,Midwest,Returning
C00217,2025-06-13,Southeast,New
C00218,2025-02-20,West,Returning
C00219,2024-09-03,West,Returning
C00220,2025-05-17,West,Returning
C00221,2024-04-05,Midwest,New
C00222,2025-12-09,Southeast,New
C00223,2025-08-18,Midwest,Returning
C00224,2025-06-27,Midwest,Returning
C00225,2025-07-17,Midwest,New
C00226,2025-04-09,Midwest,New
C00227,2024-08-24,Northeast,Returning
C00228,2024-11-19,Northeast,Returning
C00229,2025-12-07,Southeast,New
C00230,2025-05-10,Midwest,Returning
C00231,2025-06-21,Midwest,VIP
C00232,2024-07-17,Midwest,New
C00233,2024-07-02,Midwest,New
C00234,2025-06-30,Southeast,New
C00235,2024-02-25,Midwest,Returning
C00236,2024-05-09,West,New
C00237,2024-01-13,Midwest,Returning
C00238,2025-03-27,Midwest,New
C00239,2024-02-22,Midwest,VIP
C00240,2025-05-04,Northeast,Returning
C00241,2025-02-14,West,New
C00242,2025-10-06,Northeast,New
C00243,2025-07-30,Midwest,New
C00244,2024-09-11,Northeast,Returning
C00245,2025-03-02,Southeast,Returning
C00246,2025-01-24,West,VIP
C00247,2024-10-31,West,New
C00248,2025-09-27,Northeast,Returning
C00249,2024-04-11,Southeast,Returning
C00250,2024-09-27,Northeast,New
C00251,2024-06-26,Northeast,New
C00252,2025-02-22,West,Returning
C00253,2025-04-26,Midwest,New
C00254,2024-10-22,Midwest,Returning
C00255,2025-04-09,Northeast,Returning
C00256,2024-09-27,Southeast,Returning
C00257,2025-07-11,Southeast,Returning
C00258,2024-09-29,Southeast,New
C00259,2024-06-18,Midwest,Returning
C00260,2025-08-05,Midwest,Returning
C00261,2025-04-24,Midwest,Returning
C00262,2024-10-05,West,Returning
C00263,2025-09-04,Northeast,VIP
C00264,2024-11-26,Midwest,New
C00265,2024-08-22,Northeast,VIP
C00266,2025-11-19,Midwest,Returning
C00267,2024-06-28,West,Returning
C00268,2025-03-28,Midwest,New
C00269,2025-08-22,West,Returning
C00270,2025-05-18,Northeast,Returning
C00271,2025-02-22,Midwest,New
C00272,2024-04-17,Southeast,New
C00273,2025-12-11,West,New
C00274,2025-02-14,Northeast,Returning
C00275,2024-11-18,Midwest,New
C00276,2025-02-17,Northeast,Returning
C00277,2025-07-09,West,Returning
C00278,2024-07-11,Midwest,Returning
C00279,2025-05-25,West,Returning
C00280,2024-07-27,Midwest,Returning
C00281,2024-10-21,West,VIP
C00282,2025-05-11,Northeast,New
C00283,2025-10-07,Southeast,Returning
C00284,2024-11-14,Northeast,Returning
C00285,2024-04-05,Southeast,VIP
C00286,2024-04-26,West,VIP
C00287,2025-10-25,Southeast,Returning
C00288,2024-10-25,Midwest,Returning
C00289,2025-05-09,West,New
C00290,2025-07-18,Southeast,New
C00291,2025-09-05,Southeast,VIP
C00292,2024-10-09,West,New
C00293,2025-06-03,Midwest,Returning
C00294,2024-10-16,Midwest,Returning
C00295,2025-08-16,West,VIP
C00296,2025-04-02,West,New
C00297,2025-07-19,West,Returning
C00298,2024-11-25,Southeast,VIP
C00299,2024-09-01,West,New
C00300,2025-02-24,Northeast,New
C00301,2025-04-29,West,New
C00302,2025-11-10,Southeast,Returning
C00303,2024-02-07,Southeast,Returning
C00304,2025-08-27,Midwest,VIP
C00305,2025-03-26,Northeast,Returning
C00306,2025-04-12,Northeast,Returning
C00307,2025-02-23,Southeast,New
C00308,2024-09-28,Midwest,Returning
C00309,2025-02-11,Northeast,VIP
C00310,2025-11-21,West,VIP
C00311,2025-10-03,West,VIP
C00312,2024-02-06,Northeast,New
C00313,2025-12-01,Midwest,VIP
C00314,2024-04-02,West,VIP
C00315,2025-10-10,Northeast,Returning
C00316,2025-12-11,Midwest,VIP
C00317,2024-02-17,Midwest,Returning
C00318,2024-10-27,Midwest,New
C00319,2024-05-29,Southeast,Returning
C00320,2025-08-02,Southeast,New
C00321,2024-03-21,West,Returning
C00322,2024-09-03,West,VIP
C00323,2024-05-26,Southeast,Returning
C00324,2024-09-17,West,New
C00325,2024-01-10,West,VIP
C00326,2025-11-24,Southeast,New
C00327,2024-12-19,Midwest,Returning
C00328,2025-03-10,Midwest,Returning
C00329,2024-11-05,Southeast,VIP
C00330,2025-05-09,Northeast,New
C00331,2025-08-08,Midwest,Returning
C00332,2025-12-17,Midwest,New
C00333,2025-11-05,West,New
C00334,2025-08-02,Northeast,VIP
C00335,2025-05-23,Midwest,Returning
C00336,2024-08-23,Midwest,New
C00337,2024-07-13,Midwest,Returning
C00338,2025-11-06,Southeast,Returning
C00339,2025-10-04,Northeast,New
C00340,2025-03-27,Northeast,Returning
C00341,2024-05-14,Northeast,VIP
C00342,2024-11-30,West,New
C00343,2024-05-15,Midwest,Returning
C00344,2024-10-06,Southeast,New
C00345,2025-05-08,Midwest,Returning
C00346,2024-12-12,Northeast,Returning
C00347,2024-03-18,Southeast,Returning
C00348,2024-08-19,West,VIP
C00349,2025-07-24,Midwest,New
C00350,2025-02-08,Northeast,New
C00351,2024-05-06,West,New
C00352,2025-11-19,Midwest,Returning
C00353,2025-10-15,Midwest,New
C00354,2024-08-27,West,New
C00355,2025-07-28,Midwest,VIP
C00356,2024-08-14,Northeast,Returning
C00357,2025-04-20,Midwest,Returning
C00358,2024-04-29,Southeast,New
C00359,2024-02-08,Midwest,VIP
C00360,2024-04-28,Northeast,New
C00361,2025-07-04,Southeast,New
C00362,2025-01-14,West,Returning
C00363,2024-06-07,West,Returning
C00364,2025-05-16,West,VIP
C00365,2024-10-13,Northeast,Returning
C00366,2024-08-10,West,Returning
C00367,2024-08-29,Midwest,New
C00368,2025-12-03,Midwest,Returning
C00369,2025-10-22,Midwest,New
C00370,2024-10-09,Southeast,VIP
C00371,2025-04-10,Northeast,Returning
C00372,2025-10-19,Northeast,New
C00373,2024-12-07,Southeast,VIP
C00374,2025-08-01,Southeast,New
C00375,2025-07-21,Southeast,Returning
C00376,2024-08-26,Midwest,Returning
C00377,2025-09-02,Northeast,New
C00378,2024-05-28,Southeast,Returning
C00379,2024-06-27,Northeast,Returning
C00380,2024-01-27,Southeast,New
C00381,2024-08-31,Midwest,New
C00382,2024-09-28,Northeast,New
C00383,2025-03-07,Northeast,Returning
C00384,2025-05-02,West,Returning
C00385,2025-06-09,Northeast,Returning
C00386,2024-08-14,Northeast,Returning
C00387,2025-11-05,Midwest,Returning
C00388,2024-02-01,Northeast,VIP
C00389,2025-02-15,West,Returning
C00390,2025-05-17,West,New
C00391,2024-03-23,Midwest,Returning
C00392,2024-03-08,Southeast,New
C00393,2025-10-10,Midwest,New
C00394,2025-09-03,Midwest,Returning
C00395,2025-09-11,West,New
C00396,2025-12-19,Northeast,VIP
C00397,2025-10-28,Southeast,Returning
C00398,2024-08-21,West,New
C00399,2025-04-09,West,Returning
C00400,2024-04-07,Midwest,Returning
C00401,2025-11-12,Midwest,New
C00402,2024-06-05,West,New
C00403,2024-03-28,Northeast,Returning
C00404,2025-01-16,Southeast,Returning
C00405,2025-08-23,Midwest,Returning
C00406,2025-02-24,Midwest,VIP
C00407,2025-03-09,Northeast,VIP
C00408,2025-09-06,Midwest,New
C00409,2025-08-14,Southeast,New
C00410,2025-05-08,Southeast,Returning
C00411,2024-12-24,Midwest,New
C00412,2024-10-12,Southeast,Returning
C00413,2025-07-28,Northeast,Returning
C00414,2025-11-04,Midwest,New
C00415,2024-10-06,Midwest,VIP
C00416,2024-12-25,Northeast,New
C00417,2024-05-26,West,New
C00418,2025-10-10,Northeast,New
C00419,2025-06-27,Southeast,New
C00420,2025-04-09,Midwest,New
C00421,2024-11-15,Midwest,Returning
C00422,2025-08-04,Northeast,VIP
C00423,2024-06-08,Southeast,Returning
C00424,2024-02-20,Northeast,New
C00425,2025-11-08,West,Returning
C00426,2025-03-28,West,New
C00427,2025-06-08,Northeast,New
C00428,2024-04-23,Midwest,Returning
C00429,2025-08-30,West,Returning
C00430,2024-11-11,Northeast,New
C00431,2025-09-05,Northeast,New
C00432,2024-11-04,Southeast,Returning
C00433,2024-09-18,Midwest,New
C00434,2024-01-08,West,Returning
C00435,2024-06-28,Southeast,New
C00436,2025-12-21,Southeast,Returning
C00437,2025-11-15,Midwest,New
C00438,2024-02-13,West,New
C00439,2024-03-20,Midwest,Returning
C00440,2025-08-10,West,Returning
C00441,2025-03-03,Midwest,New
C00442,2024-01-22,Midwest,New
C00443,2025-09-24,West,Returning
C00444,2025-01-05,Northeast,Returning
C00445,2024-04-18,Southeast,Returning
C00446,2025-02-14,Northeast,New
C00447,2024-11-13,Midwest,New
C00448,2024-06-21,Northeast,Returning
C00449,2024-04-26,Southeast,VIP
C00450,2024-12-23,Midwest,Returning
C00451,2025-10-22,Southeast,New
C00452,2024-05-29,Midwest,New
C00453,2025-09-08,Southeast,Returning
C00454,2025-11-02,Northeast,New
C00455,2025-10-05,West,Returning
C00456,2025-07-31,West,Returning
C00457,2025-08-01,Midwest,VIP
C00458,2025-10-04,Midwest,New
C00459,2024-03-10,West,Returning
C00460,2024-11-06,Midwest,Returning
C00461,2024-12-26,Northeast,New
C00462,2025-04-07,Northeast,New
C00463,2024-10-20,Northeast,Returning
C00464,2024-04-02,West,Returning
C00465,2025-07-21,Northeast,Returning
C00466,2025-08-08,Southeast,New
C00467,2025-05-02,Southeast,VIP
C00468,2025-04-06,Northeast,Returning
C00469,2024-12-17,Northeast,Returning
C00470,2024-06-25,Northeast,New
C00471,2025-03-24,West,Returning
C00472,2025-09-16,Southeast,New
C00473,2024-10-16,West,Returning
C00474,2024-12-12,Northeast,Returning
C00475,2025-10-24,Midwest,New
C00476,2024-04-06,West,New
C00477,2025-11-03,Southeast,New
C00478,2025-08-19,Southeast,VIP
C00479,2024-11-13,West,New
C00480,2025-12-26,Northeast,New
C00481,2025-01-20,Midwest,Returning
C00482,2025-11-17,Northeast,Returning
C00483,2025-03-09,Midwest,New
C00484,2024-11-12,Southeast,VIP
C00485,2024-12-15,West,New
C00486,2024-05-20,Southeast,New
C00487,2024-04-13,Northeast,Returning
C00488,2025-09-24,Southeast,Returning
C00489,2024-06-06,Southeast,New
C00490,2025-12-10,Southeast,Returning
C00491,2024-02-14,West,New
C00492,2024-08-31,West,Returning
C00493,2025-04-04,Southeast,Returning
C00494,2024-11-12,West,VIP
C00495,2024-07-17,Midwest,Returning
C00496,2025-08-07,West,Returning
C00497,2024-10-15,West,Returning
C00498,2025-03-04,Southeast,Returning
C00499,2025-09-11,Southeast,VIP
C00500,2024-02-23,West,VIP
C00501,2025-07-21,Northeast,Returning
C00502,2025-06-12,Northeast,New
C00503,2024-06-13,Midwest,Returning
C00504,2025-06-09,Southeast,Returning
C00505,2024-04-03,Southeast,Returning
C00506,2024-12-23,Northeast,Returning
C00507,2025-02-09,Midwest,New
C00508,2024-03-24,Midwest,New
C00509,2024-11-22,Northeast,Returning
C00510,2025-10-27,Midwest,Returning
C00511,2024-05-20,Northeast,New
C00512,2025-04-28,Southeast,Returning
C00513,2025-04-25,West,Returning
C00514,2024-03-22,Northeast,New
C00515,2024-06-02,West,New
C00516,2024-10-22,Southeast,New
C00517,2024-02-18,Southeast,Returning
C00518,2025-09-29,West,New
C00519,2025-05-26,Northeast,Returning
C00520,2025-08-11,Southeast,Returning
C00521,2024-10-25,West,New
C00522,2024-12-27,Southeast,Returning
C00523,2024-07-10,Northeast,Returning
C00524,2025-01-04,Northeast,VIP
C00525,2025-07-11,Northeast,New
C00526,2025-04-26,Northeast,Returning
C00527,2025-01-17,Midwest,Returning
C00528,2024-12-31,Northeast,New
C00529,2025-11-03,Northeast,Returning
C00530,2024-12-06,Southeast,New
C00531,2025-07-13,Midwest,Returning
C00532,2024-06-28,West,VIP
C00533,2025-05-05,Southeast,Returning
C00534,2024-03-05,West,New
C00535,2024-07-25,Northeast,Returning
C00536,2024-02-12,Midwest,VIP
C00537,2025-06-11,West,VIP
C00538,2025-07-10,West,New
C00539,2025-10-24,Southeast,New
C00540,2024-02-18,Midwest,New
C00541,2025-01-11,West,VIP
C00542,2025-03-26,West,New
C00543,2024-07-10,West,Returning
C00544,2025-01-11,Midwest,Returning
C00545,2025-03-10,Northeast,Returning
C00546,2024-07-03,Midwest,New
C00547,2024-03-22,Midwest,Returning
C00548,2024-11-09,West,Returning
C00549,2025-03-12,Southeast,Returning
C00550,2024-12-25,West,New
C00551,2024-12-27,West,New
C00552,2024-02-28,Northeast,Returning
C00553,2025-02-19,Midwest,Returning
C00554,2025-11-26,Southeast,VIP
C00555,2024-05-26,West,New
C00556,2024-03-09,Southeast,Returning
C00557,2025-01-10,Midwest,New
C00558,2025-08-03,Northeast,Returning
C00559,2025-11-26,West,VIP
C00560,2025-01-15,West,Returning
C00561,2025-08-10,Southeast,Returning
C00562,2025-02-11,Midwest,Returning
C00563,2024-09-12,Northeast,New
C00564,2024-07-09,West,Returning
C00565,2025-07-29,Northeast,New
C00566,2024-09-23,West,New
C00567,2025-09-18,Midwest,Returning
C00568,2025-05-17,Southeast,New
C00569,2024-03-16,West,New
C00570,2025-12-31,West,VIP
C00571,2025-11-29,Midwest,Returning
C00572,2025-12-27,Northeast,Returning
C00573,2024-10-24,Midwest,VIP
C00574,2025-12-29,Southeast,Returning
C00575,2025-06-04,Southeast,New
C00576,2024-07-24,Southeast,New
C00577,2025-05-20,Northeast,New
C00578,2025-08-09,Midwest,Returning
C00579,2025-07-18,Southeast,Returning
C00580,2024-03-29,Northeast,New
C00581,2025-05-05,West,Returning
C00582,2025-08-11,Northeast,New
C00583,2024-11-20,Northeast,Returning
C00584,2025-11-27,Midwest,New
C00585,2025-07-18,Southeast,Returning
C00586,2024-05-12,West,Returning
C00587,2024-02-26,Northeast,Returning
C00588,2024-11-07,Southeast,New
C00589,2025-12-27,Southeast,New
C00590,2025-06-15,Midwest,Returning
C00591,2024-09-13,Southeast,Returning
C00592,2025-07-18,Midwest,New
C00593,2024-11-06,Northeast,Returning
C00594,2024-06-21,Southeast,New
C00595,2025-10-01,Midwest,Returning
C00596,2025-07-31,Northeast,Returning
C00597,2024-01-30,Northeast,New
C00598,2025-10-18,Midwest,Returning
C00599,2025-08-08,West,Returning
C00600,2024-02-01,West,VIP
C00601,2025-07-12,Midwest,Returning
C00602,2024-11-05,West,New
C00603,2025-12-02,West,New
C00604,2024-03-15,Northeast,New
C00605,2025-03-01,West,Returning
C00606,2024-12-14,Southeast,New
C00607,2024-11-22,Midwest,VIP
C00608,2024-05-13,Midwest,Returning
C00609,2024-04-18,Midwest,New
C00610,2024-05-05,Midwest,Returning
C00611,2024-05-24,Northeast,New
C00612,2025-01-28,West,New
C00613,2024-06-12,Midwest,VIP
C00614,2024-11-16,Southeast,Returning
C00615,2025-05-25,West,Returning
C00616,2024-11-11,West,New
C00617,2025-02-06,West,VIP
C00618,2024-08-08,Midwest,New
C00619,2024-10-15,West,Returning
C00620,2025-10-31,West,New
C00621,2024-01-09,Northeast,Returning
C00622,2024-09-27,Midwest,Returning
C00623,2025-01-09,Northeast,Returning
C00624,2025-08-06,Southeast,New
C00625,2024-10-22,Northeast,New
C00626,2025-04-06,Midwest,Returning
C00627,2025-09-30,Northeast,New
C00628,2024-04-09,West,New
C00629,2024-12-13,Midwest,Returning
C00630,2024-07-22,West,Returning
C00631,2024-02-16,Northeast,New
C00632,2024-12-07,West,Returning
C00633,2024-06-01,Southeast,New
C00634,2025-09-19,Midwest,New
C00635,2025-09-23,Midwest,Returning
C00636,2025-06-03,West,Returning
C00637,2024-11-02,West,Returning
C00638,2025-01-12,Midwest,Returning
C00639,2025-03-02,Midwest,Returning
C00640,2025-12-05,Northeast,Returning
C00641,2024-09-28,Southeast,Returning
C00642,2025-08-20,West,New
C00643,2025-10-06,West,New
C00644,2025-11-28,Southeast,New
C00645,2025-12-18,Northeast,New
C00646,2025-03-27,Midwest,Returning
C00647,2025-02-26,Southeast,Returning
C00648,2025-09-18,West,VIP
C00649,2024-03-04,Southeast,Returning
C00650,2025-07-28,Midwest,VIP
C00651,2025-05-04,West,New
C00652,2024-06-26,West,VIP
C00653,2024-12-16,Midwest,Returning
C00654,2025-11-28,Midwest,Returning
C00655,2024-07-15,Southeast,New
C00656,2024-11-01,Southeast,VIP
C00657,2024-10-31,Midwest,Returning
C00658,2025-12-07,West,New
C00659,2024-12-23,Midwest,New
C00660,2025-08-10,West,VIP
C00661,2025-02-08,Midwest,VIP
C00662,2024-05-29,Midwest,New
C00663,2024-03-21,Midwest,VIP
C00664,2025-11-02,Midwest,Returning
C00665,2024-08-07,Southeast,Returning
C00666,2024-10-04,Midwest,New
C00667,2025-09-22,Southeast,New
C00668,2025-11-16,Southeast,Returning
C00669,2024-02-23,Northeast,Returning
C00670,2025-04-28,Northeast,Returning
C00671,2024-05-20,Northeast,VIP
C00672,2024-06-10,West,Returning
C00673,2025-05-02,West,Returning
C00674,2024-10-21,Midwest,New
C00675,2024-03-01,Northeast,Returning
C00676,2024-08-25,Northeast,VIP
C00677,2024-06-28,West,VIP
C00678,2024-06-29,Northeast,VIP
C00679,2025-02-10,West,New
C00680,2024-10-23,Northeast,New
C00681,2025-08-04,Northeast,VIP
C00682,2024-12-09,Midwest,Returning
C00683,2025-10-18,West,VIP
C00684,2024-05-17,West,New
C00685,2024-04-25,Midwest,New
C00686,2025-04-14,Midwest,Returning
C00687,2024-01-15,Midwest,Returning
C00688,2025-08-04,Southeast,New
C00689,2025-10-16,West,Returning
C00690,2025-06-11,Midwest,New
C00691,2025-11-16,Northeast,New
C00692,2024-05-23,West,New
C00693,2024-09-11,Northeast,New
C00694,2024-08-29,West,Returning
C00695,2024-12-03,Midwest,Returning
C00696,2025-08-09,Northeast,New
C00697,2025-01-03,Southeast,New
C00698,2024-05-01,West,New
C00699,2025-02-19,Midwest,Returning
C00700,2025-10-16,Midwest,New
C00701,2024-08-14,Southeast,VIP
C00702,2025-05-04,Southeast,Returning
C00703,2025-09-12,Midwest,Returning
C00704,2025-07-16,West,Returning
C00705,2025-11-11,Southeast,Returning
C00706,2025-11-27,Northeast,Returning
C00707,2025-06-24,Midwest,New
C00708,2025-07-31,Northeast,New
C00709,2025-07-14,Southeast,Returning
C00710,2024-06-02,Southeast,New
C00711,2025-06-16,West,New
C00712,2024-07-29,West,New
C00713,2025-06-06,West,Returning
C00714,2025-04-09,Southeast,Returning
C00715,2025-04-12,Northeast,Returning
C00716,2025-11-19,Midwest,Returning
C00717,2025-02-09,Midwest,Returning
C00718,2024-08-11,Northeast,New
C00719,2024-12-18,Northeast,Returning
C00720,2024-03-02,Northeast,VIP
C00721,2025-04-28,Northeast,New
C00722,2024-07-03,Southeast,Returning
C00723,2025-10-23,West,New
C00724,2025-01-26,West,VIP
C00725,2025-01-21,West,New
C00726,2025-11-08,Southeast,Returning
C00727,2024-12-22,Northeast,New
C00728,2025-07-04,West,Returning
C00729,2024-08-16,Northeast,Returning
C00730,2024-11-01,West,Returning
C00731,2025-07-11,West,Returning
C00732,2024-08-23,Southeast,Returning
C00733,2024-06-07,Midwest,New
C00734,2024-04-25,Northeast,Returning
C00735,2025-03-05,Northeast,New
C00736,2024-03-09,Northeast,Returning
C00737,2025-04-02,Northeast,New
C00738,2024-02-15,West,Returning
C00739,2025-07-06,Southeast,Returning
C00740,2024-02-27,Southeast,Returning
C00741,2024-10-23,Southeast,Returning
C00742,2025-08-12,Midwest,Returning
C00743,2025-11-19,Midwest,New
C00744,2024-05-26,Southeast,Returning
C00745,2024-10-08,Northeast,Returning
C00746,2025-08-28,Southeast,Returning
C00747,2025-03-13,West,New
C00748,2024-12-18,West,Returning
C00749,2024-11-22,West,Returning
C00750,2024-11-03,West,New
C00751,2025-07-04,West,New
C00752,2024-08-18,Midwest,VIP
C00753,2024-05-27,West,VIP
C00754,2025-07-29,West,VIP
C00755,2025-07-24,Southeast,New
C00756,2024-09-18,Southeast,New
C00757,2024-03-21,West,Returning
C00758,2024-04-04,Southeast,New
C00759,2025-01-21,Northeast,VIP
C00760,2024-07-11,Southeast,Returning
C00761,2024-12-06,Midwest,VIP
C00762,2024-01-16,Southeast,VIP
C00763,2024-04-30,West,VIP
C00764,2025-12-13,Southeast,New
C00765,2024-09-02,Midwest,Returning
C00766,2025-01-24,West,Returning
C00767,2025-01-02,Midwest,New
C00768,2025-06-09,West,Returning
C00769,2025-04-25,Midwest,VIP
C00770,2025-01-14,Midwest,Returning
C00771,2025-07-30,Southeast,Returning
C00772,2024-01-17,Midwest,Returning
C00773,2025-08-21,West,New
C00774,2024-07-19,Midwest,New
C00775,2025-08-06,Southeast,Returning
C00776,2025-11-01,Midwest,New
C00777,2025-05-15,West,Returning
C00778,2024-12-26,Southeast,New
C00779,2025-07-13,West,New
C00780,2025-07-09,Northeast,Returning
C00781,2024-03-17,Northeast,Returning
C00782,2025-02-26,Southeast,Returning
C00783,2024-08-24,Northeast,Returning
C00784,2024-01-10,Southeast,Returning
C00785,2025-01-17,Northeast,Returning
C00786,2025-11-13,West,Returning
C00787,2024-01-17,Northeast,Returning
C00788,2025-02-25,Northeast,New
C00789,2024-10-08,Midwest,New
C00790,2025-12-15,West,Returning
C00791,2024-07-02,Northeast,VIP
C00792,2025-06-20,Southeast,New
C00793,2025-09-26,Midwest,Returning
C00794,2024-09-30,West,New
C00795,2025-02-19,West,Returning
C00796,2025-12-14,Southeast,New
C00797,2024-03-23,Northeast,New
C00798,2025-01-23,West,Returning
C00799,2024-02-27,Northeast,Returning
C00800,2024-03-25,West,Returning
C00801,2025-10-22,Midwest,Returning
C00802,2024-04-07,Northeast,New
C00803,2025-12-09,West,New
C00804,2024-03-17,Midwest,VIP
C00805,2025-07-31,Northeast,New
C00806,2024-11-18,Northeast,VIP
C00807,2025-08-24,Southeast,Returning
C00808,2025-12-30,West,VIP
C00809,2024-11-02,Southeast,Returning
C00810,2025-08-03,West,Returning
C00811,2025-07-07,Midwest,New
C00812,2024-05-23,Northeast,Returning
C00813,2024-12-20,Northeast,New
C00814,2024-08-25,Northeast,New
C00815,2025-09-20,West,VIP
C00816,2024-11-30,Northeast,Returning
C00817,2025-04-06,West,New
C00818,2025-07-20,West,Returning
C00819,2025-11-27,West,New
C00820,2025-09-25,Midwest,Returning
C00821,2025-12-31,Northeast,New
C00822,2024-06-06,West,Returning
C00823,2025-10-11,Southeast,Returning
C00824,2024-11-20,Midwest,New
C00825,2024-01-06,Midwest,Returning
C00826,2024-10-03,Northeast,New
C00827,2024-07-10,West,Returning
C00828,2025-07-22,West,New
C00829,2024-04-01,Midwest,Returning
C00830,2025-09-03,Midwest,VIP
C00831,2024-01-13,Midwest,Returning
C00832,2024-03-27,Southeast,Returning
C00833,2024-06-22,West,New
C00834,2024-10-02,Midwest,New
C00835,2024-05-29,Northeast,New
C00836,2024-10-09,West,New
C00837,2024-03-19,Midwest,New
C00838,2024-09-09,West,Returning
C00839,2024-07-19,West,New
C00840,2024-11-07,Northeast,VIP
C00841,2024-12-06,West,Returning
C00842,2024-12-03,West,New
C00843,2025-10-28,Southeast,New
C00844,2025-09-09,Southeast,Returning
C00845,2024-06-30,West,VIP
C00846,2024-10-25,West,VIP
C00847,2024-09-05,Midwest,New
C00848,2025-02-06,Midwest,New
C00849,2025-07-31,Southeast,Returning
C00850,2025-07-12,Southeast,Returning
C00851,2025-07-17,Northeast,VIP
C00852,2025-04-17,Southeast,Returning
C00853,2024-10-25,Northeast,Returning
C00854,2025-02-22,West,New
C00855,2024-11-06,Southeast,New
C00856,2024-06-06,West,Returning
C00857,2024-03-16,West,VIP
C00858,2025-05-05,West,Returning
C00859,2025-12-09,West,Returning
C00860,2025-01-03,Northeast,New
C00861,2024-09-11,Midwest,New
C00862,2025-09-19,Northeast,Returning
C00863,2025-10-22,West,VIP
C00864,2024-12-05,West,New
C00865,2024-04-10,Midwest,New
C00866,2025-06-15,Southeast,Returning
C00867,2025-02-04,West,Returning
C00868,2025-08-25,Southeast,New
C00869,2024-01-26,West,New
C00870,2025-03-01,Northeast,New
C00871,2024-05-25,Midwest,New
C00872,2025-04-11,Southeast,Returning
C00873,2024-12-22,West,New
C00874,2025-12-14,West,New
C00875,2024-11-03,Northeast,Returning
C00876,2024-04-27,Northeast,Returning
C00877,2025-10-25,Northeast,Returning
C00878,2024-06-17,Southeast,Returning
C00879,2025-07-19,Southeast,New
C00880,2025-03-12,West,New
C00881,2025-02-18,Southeast,New
C00882,2025-11-04,West,New
C00883,2025-09-20,Southeast,Returning
C00884,2025-03-15,West,New
C00885,2024-08-07,Southeast,New
C00886,2025-12-21,Northeast,Returning
C00887,2025-07-03,Southeast,New
C00888,2024-07-20,West,New
C00889,2025-11-17,West,Returning
C00890,2025-10-16,Midwest,Returning
C00891,2025-09-17,West,Returning
C00892,2024-12-22,Midwest,Returning
C00893,2025-09-24,Southeast,Returning
C00894,2025-12-23,Midwest,VIP
C00895,2025-08-27,Northeast,Returning
C00896,2024-11-16,Northeast,New
C00897,2024-04-29,Southeast,New
C00898,2024-05-24,West,Returning
C00899,2024-05-21,West,Returning
C00900,2025-05-13,Southeast,Returning
C00901,2025-05-16,Midwest,New
C00902,2024-11-18,West,Returning
C00903,2025-01-02,Northeast,Returning
C00904,2024-07-18,West,VIP
C00905,2025-06-01,West,Returning
C00906,2025-05-18,West,Returning
C00907,2025-03-30,West,New
C00908,2025-08-01,Northeast,Returning
C00909,2024-08-13,Midwest,New
C00910,2024-08-18,Midwest,New
C00911,2025-04-13,West,Returning
C00912,2024-04-25,Northeast,New
C00913,2025-07-10,Midwest,Returning
C00914,2024-02-12,West,Returning
C00915,2025-03-11,Northeast,Returning
C00916,2025-10-31,Southeast,New
C00917,2024-02-03,West,New
C00918,2024-03-30,West,VIP
C00919,2024-04-30,Southeast,New
C00920,2025-08-25,Midwest,VIP
C00921,2025-09-16,West,New
C00922,2024-05-22,Southeast,Returning
C00923,2024-03-01,Midwest,Returning
C00924,2025-09-03,Southeast,New
C00925,2025-12-21,Midwest,New
C00926,2024-09-30,Northeast,New
C00927,2025-02-25,Northeast,VIP
C00928,2025-11-02,Southeast,Returning
C00929,2024-05-15,Southeast,New
C00930,2024-11-25,Southeast,Returning
C00931,2025-11-23,West,Returning
C00932,2025-08-14,Midwest,Returning
C00933,2025-01-19,West,New
C00934,2024-04-05,West,Returning
C00935,2024-10-11,Midwest,Returning
C00936,2025-05-14,Midwest,Returning
C00937,2024-04-05,West,Returning
C00938,2025-12-15,Midwest,VIP
C00939,2025-07-01,West,New
C00940,2025-03-15,Southeast,Returning
C00941,2024-11-26,Midwest,New
C00942,2025-08-14,Southeast,Returning
C00943,2025-05-11,Midwest,VIP
C00944,2024-02-19,Northeast,New
C00945,2025-04-15,Northeast,New
C00946,2024-06-10,West,Returning
C00947,2025-03-14,Southeast,VIP
C00948,2024-05-15,Midwest,New
C00949,2024-10-07,Northeast,Returning
C00950,2024-09-13,Northeast,New
C00951,2025-10-26,Southeast,New
C00952,2025-10-02,Midwest,Returning
C00953,2024-08-27,West,Returning
C00954,2025-12-21,Northeast,New
C00955,2025-05-03,Northeast,New
C00956,2024-08-19,West,New
C00957,2025-12-13,Midwest,Returning
C00958,2025-03-08,Southeast,Returning
C00959,2024-08-22,West,New
C00960,2024-04-14,Northeast,New
C00961,2024-11-02,Southeast,New
C00962,2024-05-16,Southeast,New
C00963,2025-07-30,Northeast,Returning
C00964,2024-06-17,West,New
C00965,2024-08-06,Southeast,VIP
C00966,2025-09-22,West,VIP
C00967,2024-03-29,Northeast,New
C00968,2024-05-06,West,New
C00969,2025-03-15,Midwest,Returning
C00970,2024-09-10,Midwest,Returning
C00971,2024-09-11,Midwest,Returning
C00972,2025-12-08,Northeast,Returning
C00973,2025-11-05,Midwest,New
C00974,2025-09-13,Southeast,Returning
C00975,2024-10-29,Northeast,Returning
C00976,2024-09-02,West,New
C00977,2024-09-03,West,Returning
C00978,2024-03-13,Northeast,VIP
C00979,2024-11-20,Southeast,New
C00980,2025-08-05,West,New
C00981,2025-11-30,Southeast,Returning
C00982,2024-03-15,Northeast,Returning
C00983,2024-01-15,Midwest,New
C00984,2024-03-02,West,Returning
C00985,2025-10-05,West,Returning
C00986,2025-02-15,Northeast,Returning
C00987,2025-07-04,Southeast,New
C00988,2024-11-13,Northeast,Returning
C00989,2024-07-27,Southeast,Returning
C00990,2025-02-04,Northeast,New
C00991,2025-03-23,Southeast,New
C00992,2024-03-29,West,New
C00993,2025-09-18,Northeast,New
C00994,2025-11-04,Southeast,New
C00995,2025-12-25,Southeast,Returning
C00996,2024-06-16,West,VIP
C00997,2025-06-19,Midwest,New
C00998,2024-05-09,Midwest,Returning
C00999,2024-04-30,Northeast,New
C01000,2025-03-15,Midwest,Returning
C01001,2024-09-26,Northeast,Returning
C01002,2025-06-07,Midwest,New
C01003,2025-08-03,Southeast,New
C01004,2024-09-18,Northeast,VIP
C01005,2025-11-21,Northeast,New
C01006,2025-06-05,Northeast,New
C01007,2024-01-13,Southeast,New
C01008,2025-01-07,West,VIP
C01009,2024-07-02,Northeast,Returning
C01010,2025-11-02,West,New
C01011,2024-09-11,West,VIP
C01012,2024-11-23,Midwest,Returning
C01013,2025-08-08,Midwest,New
C01014,2025-11-20,Northeast,New
C01015,2025-06-12,Northeast,VIP
C01016,2024-03-11,West,VIP
C01017,2024-11-14,Midwest,New
C01018,2025-04-12,Northeast,New
C01019,2024-10-25,Midwest,Returning
C01020,2024-09-05,West,New
C01021,2025-05-20,Southeast,Returning
C01022,2025-07-13,Southeast,New
C01023,2025-02-23,Northeast,New
C01024,2024-12-20,Northeast,VIP
C01025,2024-01-02,West,Returning
C01026,2024-11-10,Northeast,New
C01027,2024-08-31,West,Returning
C01028,2024-03-02,Southeast,Returning
C01029,2024-04-05,Northeast,VIP
C01030,2025-06-16,West,Returning
C01031,2025-01-16,West,VIP
C01032,2024-03-27,Northeast,Returning
C01033,2025-10-14,West,New
C01034,2025-08-04,Northeast,Returning
C01035,2024-05-13,Southeast,New
C01036,2024-11-18,West,Returning
C01037,2024-11-30,Midwest,Returning
C01038,2024-08-27,Northeast,VIP
C01039,2024-05-19,Northeast,New
C01040,2024-06-17,West,Returning
C01041,2025-02-20,Northeast,Returning
C01042,2024-07-31,West,New
C01043,2024-09-28,Northeast,New
C01044,2025-12-03,Midwest,Returning
C01045,2025-12-14,Northeast,New
C01046,2024-12-01,Southeast,New
C01047,2024-09-11,Midwest,New
C01048,2024-02-20,Midwest,New
C01049,2024-06-27,Northeast,VIP
C01050,2025-04-08,Southeast,New
C01051,2024-04-14,Southeast,New
C01052,2024-03-04,Southeast,New
C01053,2025-02-14,Midwest,Returning
C01054,2025-10-22,Northeast,Returning
C01055,2024-09-22,Northeast,New
C01056,2024-03-07,Southeast,VIP
C01057,2025-03-30,Southeast,New
C01058,2024-12-05,Northeast,New
C01059,2025-04-17,Northeast,New
C01060,2025-08-10,West,Returning
C01061,2025-02-08,West,New
C01062,2025-11-30,West,New
C01063,2024-08-07,Southeast,New
C01064,2025-04-01,Southeast,New
C01065,2025-09-26,Southeast,Returning
C01066,2025-05-25,West,VIP
C01067,2025-05-05,Northeast,New
C01068,2025-01-27,Southeast,Returning
C01069,2025-10-20,Southeast,Returning
C01070,2025-07-10,Northeast,VIP
C01071,2025-12-31,Midwest,Returning
C01072,2025-05-11,Midwest,VIP
C01073,2025-05-29,Midwest,New
C01074,2024-07-03,Northeast,New
C01075,2024-08-12,Northeast,VIP
C01076,2024-10-14,Northeast,Returning
C01077,2025-04-28,Midwest,Returning
C01078,2024-08-26,Southeast,New
C01079,2025-11-03,Southeast,New
C01080,2024-02-27,Southeast,Returning
C01081,2025-02-01,Midwest,VIP
C01082,2024-06-26,Southeast,New
C01083,2024-11-21,Midwest,VIP
C01084,2024-01-29,Midwest,VIP
C01085,2025-07-31,Southeast,Returning
C01086,2024-07-11,West,Returning
C01087,2024-06-28,West,New
C01088,2024-02-27,Southeast,Returning
C01089,2024-01-21,West,New
C01090,2025-09-20,Southeast,Returning
C01091,2024-12-14,Southeast,VIP
C01092,2024-11-27,Northeast,New
C01093,2025-08-23,Southeast,Returning
C01094,2025-06-22,Midwest,VIP
C01095,2025-01-17,West,Returning
C01096,2024-12-10,Midwest,New
C01097,2024-06-10,West,Returning
C01098,2025-05-13,Midwest,New
C01099,2025-07-29,Midwest,New
C01100,2025-08-26,Southeast,New
C01101,2025-12-06,Midwest,New
C01102,2024-01-02,West,VIP
C01103,2025-08-04,Northeast,New
C01104,2024-11-21,Southeast,Returning
C01105,2024-04-16,West,New
C01106,2024-03-20,Southeast,New
C01107,2024-11-23,Southeast,Returning
C01108,2024-03-31,Midwest,Returning
C01109,2024-09-28,Southeast,New
C01110,2024-03-10,Midwest,New
C01111,2024-04-20,Northeast,New
C01112,2025-03-24,West,VIP
C01113,2025-02-27,West,VIP
C01114,2024-12-25,West,New
C01115,2025-05-05,Southeast,New
C01116,2024-03-16,Northeast,New
C01117,2024-11-22,Midwest,VIP
C01118,2024-03-16,Midwest,New
C01119,2025-01-19,Southeast,Returning
C01120,2025-07-14,Northeast,New
C01121,2025-09-20,West,Returning
C01122,2025-03-17,Southeast,Returning
C01123,2025-03-20,Southeast,New
C01124,2024-12-05,Southeast,VIP
C01125,2025-02-23,Midwest,Returning
C01126,2024-10-31,Southeast,New
C01127,2025-02-06,West,New
C01128,2025-01-04,Northeast,Returning
C01129,2024-10-28,West,New
C01130,2024-01-27,Southeast,New
C01131,2024-10-25,Northeast,Returning
C01132,2024-04-28,Midwest,Returning
C01133,2025-04-27,West,VIP
C01134,2024-09-28,Northeast,Returning
C01135,2025-01-31,Southeast,New
C01136,2025-01-25,Midwest,New
C01137,2024-02-15,Midwest,Returning
C01138,2024-09-26,Southeast,Returning
C01139,2025-07-31,Northeast,New
C01140,2025-12-14,Northeast,New
C01141,2024-12-18,West,VIP
C01142,2025-08-26,Southeast,Returning
C01143,2025-01-31,West,VIP
C01144,2025-12-04,West,Returning
C01145,2024-08-29,West,New
C01146,2025-02-08,Northeast,Returning
C01147,2025-06-13,Southeast,New
C01148,2025-04-04,Southeast,VIP
C01149,2024-06-20,Southeast,Returning
C01150,2024-05-09,Northeast,Returning
C01151,2025-11-30,West,New
C01152,2025-10-04,Southeast,Returning
C01153,2024-09-21,Midwest,VIP
C01154,2024-03-09,Northeast,New
C01155,2025-02-10,Midwest,VIP
C01156,2025-06-16,West,VIP
C01157,2024-01-13,West,New
C01158,2024-06-02,Southeast,Returning
C01159,2025-08-19,Northeast,VIP
C01160,2025-07-30,Northeast,Returning
C01161,2025-07-02,Midwest,VIP
C01162,2024-09-27,West,Returning
C01163,2025-08-08,West,New
C01164,2024-10-09,West,New
C01165,2025-09-15,West,New
C01166,2024-12-05,Southeast,New
C01167,2025-05-01,Midwest,VIP
C01168,2024-01-21,Midwest,Returning
C01169,2024-11-06,Midwest,New
C01170,2025-05-18,Northeast,VIP
C01171,2024-08-21,Southeast,New
C01172,2025-03-29,Midwest,New
C01173,2025-03-02,Northeast,New
C01174,2024-08-04,West,Returning
C01175,2025-06-12,Midwest,Returning
C01176,2025-06-11,Southeast,New
C01177,2025-12-27,West,New
C01178,2025-06-20,Northeast,New
C01179,2024-07-24,Northeast,New
C01180,2025-04-12,Northeast,VIP
C01181,2025-12-22,Southeast,New
C01182,2025-04-20,West,Returning
C01183,2024-05-06,Northeast,New
C01184,2025-05-15,West,New
C01185,2025-04-30,Midwest,New
C01186,2024-09-21,Northeast,New
C01187,2025-01-30,Northeast,New
C01188,2025-08-08,Southeast,VIP
C01189,2025-10-24,Southeast,Returning
C01190,2024-10-02,West,Returning
C01191,2025-11-29,Northeast,Returning
C01192,2024-05-15,Southeast,Returning
C01193,2024-01-09,Southeast,New
C01194,2024-11-08,Midwest,Returning
C01195,2025-01-20,Midwest,Returning
C01196,2024-08-11,West,New
C01197,2025-06-17,West,Returning
C01198,2024-01-08,Midwest,Returning
C01199,2025-08-31,Midwest,New
C01200,2024-04-20,West,New
C01201,2024-10-10,Midwest,VIP
C01202,2024-09-24,Midwest,New
C01203,2025-06-13,Southeast,VIP
C01204,2025-09-06,West,Returning
C01205,2025-11-28,Southeast,Returning
C01206,2025-11-02,West,VIP
C01207,2024-09-22,West,Returning
C01208,2024-02-06,Southeast,New
C01209,2025-12-31,Southeast,Returning
C01210,2025-10-15,West,VIP
C01211,2025-11-18,Midwest,Returning
C01212,2024-06-23,Southeast,New
C01213,2025-04-27,Southeast,Returning
C01214,2025-07-26,Southeast,VIP
C01215,2024-12-09,Northeast,New
C01216,2024-08-16,Midwest,Returning
C01217,2024-12-05,Midwest,New
C01218,2024-10-28,West,VIP
C01219,2025-04-26,Northeast,VIP
C01220,2025-08-20,Northeast,Returning
C01221,2024-07-18,Northeast,VIP
C01222,2025-01-25,Midwest,Returning
C01223,2024-06-03,Southeast,VIP
C01224,2024-12-16,West,VIP
C01225,2025-04-13,Southeast,New
C01226,2024-07-03,Northeast,Returning
C01227,2025-10-08,Southeast,New
C01228,2024-02-29,Northeast,Returning
C01229,2024-08-02,Southeast,Returning
C01230,2024-06-11,West,Returning
C01231,2024-03-31,Southeast,Returning
C01232,2025-10-10,West,Returning
C01233,2025-05-03,West,New
C01234,2025-06-30,Southeast,Returning
C01235,2024-01-15,Midwest,Returning
C01236,2025-06-27,Southeast,New
C01237,2024-01-05,Southeast,New
C01238,2024-12-18,Midwest,New
C01239,2025-01-27,Midwest,New
C01240,2024-02-16,Midwest,VIP
C01241,2025-04-11,Midwest,Returning
C01242,2025-12-04,Southeast,New
C01243,2025-05-16,Midwest,Returning
C01244,2024-06-17,West,New
C01245,2024-08-17,Southeast,New
C01246,2024-01-23,Southeast,New
C01247,2025-12-29,Northeast,New
C01248,2025-10-17,Midwest,Returning
C01249,2025-09-30,Northeast,Returning
C01250,2024-02-19,Northeast,Returning
C01251,2024-01-21,Northeast,Returning
C01252,2025-03-02,West,New
C01253,2025-07-14,Midwest,Returning
C01254,2024-06-05,Southeast,Returning
C01255,2025-10-07,Northeast,New
C01256,2025-11-08,Northeast,Returning
C01257,2024-10-03,Southeast,Returning
C01258,2024-04-17,Northeast,New
C01259,2024-04-18,West,New
C01260,2024-07-23,Midwest,Returning
C01261,2024-07-25,Midwest,Returning
C01262,2024-10-29,Southeast,New
C01263,2025-05-23,Southeast,Returning
C01264,2025-05-07,Midwest,New
C01265,2024-01-14,Northeast,VIP
C01266,2025-08-10,West,New
C01267,2024-04-02,Northeast,Returning
C01268,2024-04-13,Midwest,Returning
C01269,2025-04-12,Midwest,New
C01270,2024-02-21,Northeast,Returning
C01271,2024-02-10,Midwest,New
C01272,2025-11-24,Midwest,Returning
C01273,2024-04-28,Northeast,VIP
C01274,2024-02-16,Northeast,VIP
C01275,2025-11-10,Southeast,New
C01276,2025-03-24,Midwest,VIP
C01277,2024-04-05,Midwest,Returning
C01278,2024-07-06,Northeast,Returning
C01279,2025-04-12,Midwest,Returning
C01280,2025-12-07,West,Returning
C01281,2025-10-26,Southeast,New
C01282,2025-12-13,Northeast,VIP
C01283,2024-06-12,Northeast,Returning
C01284,2025-08-27,West,Returning
C01285,2025-11-25,West,New
C01286,2025-01-23,Midwest,Returning
C01287,2025-12-01,Southeast,Returning
C01288,2025-05-14,Northeast,VIP
C01289,2025-03-27,Northeast,New
C01290,2025-11-01,Midwest,New
C01291,2025-11-25,Southeast,VIP
C01292,2025-11-16,Midwest,Returning
C01293,2025-12-05,Northeast,Returning
C01294,2024-09-11,West,New
C01295,2025-11-23,West,New
C01296,2025-07-25,Northeast,New
C01297,2024-06-09,West,VIP
C01298,2024-06-18,Northeast,Returning
C01299,2024-11-24,Southeast,New
C01300,2024-10-11,Northeast,Returning
C01301,2025-07-17,West,Returning
C01302,2024-08-28,Northeast,Returning
C01303,2025-08-09,West,New
C01304,2025-05-25,West,New
C01305,2025-05-24,Northeast,New
C01306,2025-02-26,Northeast,Returning
C01307,2024-01-01,Northeast,Returning
C01308,2025-09-25,Midwest,VIP
C01309,2025-07-29,Southeast,Returning
C01310,2025-04-12,Midwest,New
C01311,2024-02-25,Southeast,Returning
C01312,2024-12-05,West,Returning
C01313,2025-01-07,West,New
C01314,2025-11-05,Southeast,New
C01315,2024-12-29,Midwest,Returning
C01316,2025-01-17,Northeast,New
C01317,2024-06-17,West,New
C01318,2025-02-23,Northeast,New
C01319,2024-07-19,Southeast,New
C01320,2025-02-06,Southeast,Returning
C01321,2024-07-14,Midwest,New
C01322,2025-02-28,Northeast,VIP
C01323,2025-11-19,Northeast,Returning
C01324,2025-04-06,West,Returning
C01325,2025-05-31,Southeast,VIP
C01326,2024-01-05,Northeast,Returning
C01327,2025-03-19,West,VIP
C01328,2024-06-30,Southeast,Returning
C01329,2024-05-11,Northeast,New
C01330,2025-09-06,Midwest,Returning
C01331,2025-01-28,West,VIP
C01332,2025-12-10,Southeast,New
C01333,2024-12-17,Midwest,Returning
C01334,2024-05-16,Southeast,Returning
C01335,2025-12-17,Midwest,Returning
C01336,2025-07-14,Midwest,Returning
C01337,2025-07-20,Southeast,New
C01338,2025-10-01,Midwest,Returning
C01339,2025-11-19,Southeast,VIP
C01340,2025-10-27,Southeast,Returning
C01341,2025-12-11,Midwest,Returning
C01342,2024-12-26,West,Returning
C01343,2025-11-14,West,Returning
C01344,2025-06-30,Midwest,VIP
C01345,2025-03-08,Northeast,Returning
C01346,2024-01-26,West,New
C01347,2025-11-17,Northeast,New
C01348,2024-06-13,Midwest,Returning
C01349,2024-05-29,Northeast,Returning
C01350,2024-10-29,Southeast,Returning
C01351,2024-02-03,Midwest,Returning
C01352,2024-04-14,Southeast,Returning
C01353,2025-07-28,West,New
C01354,2025-12-13,Midwest,Returning
C01355,2024-02-18,West,New
C01356,2025-12-02,Midwest,VIP
C01357,2024-02-25,Northeast,Returning
C01358,2024-07-26,West,Returning
C01359,2025-10-10,Midwest,Returning
C01360,2025-07-13,Southeast,Returning
C01361,2024-07-17,Midwest,Returning
C01362,2025-11-30,Northeast,New
C01363,2024-06-26,Northeast,New
C01364,2025-03-14,Midwest,Returning
C01365,2024-05-13,Southeast,Returning
C01366,2024-09-18,Northeast,New
C01367,2025-12-27,Southeast,New
C01368,2024-11-26,Northeast,Returning
C01369,2025-10-02,Midwest,Returning
C01370,2025-08-09,Midwest,New
C01371,2025-12-25,Midwest,Returning
C01372,2024-07-07,Northeast,Returning
C01373,2024-06-12,West,Returning
C01374,2025-02-17,Northeast,New
C01375,2024-08-06,Midwest,New
C01376,2024-10-27,Southeast,VIP
C01377,2025-09-25,West,VIP
C01378,2025-10-26,Northeast,New
C01379,2024-12-20,West,New
C01380,2025-10-19,Southeast,VIP
C01381,2025-11-29,Midwest,New
C01382,2024-04-26,West,New
C01383,2024-10-16,Northeast,VIP
C01384,2025-01-18,West,Returning
C01385,2024-10-30,Southeast,New
C01386,2024-03-25,Northeast,New
C01387,2025-07-04,Northeast,Returning
C01388,2024-08-03,Southeast,VIP
C01389,2025-03-10,Northeast,New
C01390,2025-12-20,West,Returning
C01391,2024-03-14,Southeast,New
C01392,2024-12-05,Northeast,New
C01393,2024-02-25,Southeast,Returning
C01394,2025-07-25,Northeast,Returning
C01395,2024-08-21,Midwest,Returning
C01396,2025-04-06,West,Returning
C01397,2024-01-18,West,Returning
C01398,2025-07-01,Northeast,Returning
C01399,2025-09-25,Northeast,Returning
C01400,2025-08-22,Northeast,Returning
C01401,2024-03-15,Midwest,VIP
C01402,2024-04-18,Midwest,Returning
C01403,2024-11-04,Northeast,New
C01404,2025-03-24,West,New
C01405,2025-11-07,Northeast,Returning
C01406,2025-06-30,Southeast,New
C01407,2025-02-04,Midwest,VIP
C01408,2024-05-27,Midwest,Returning
C01409,2025-10-25,Midwest,VIP
C01410,2024-01-12,Southeast,New
C01411,2024-01-06,West,Returning
C01412,2024-03-28,Midwest,New
C01413,2024-12-18,Southeast,Returning
C01414,2025-10-23,Southeast,New
C01415,2024-08-14,Midwest,New
C01416,2024-07-04,Northeast,VIP
C01417,2025-07-16,West,Returning
C01418,2024-03-15,Midwest,Returning
C01419,2024-09-13,Northeast,New
C01420,2025-08-17,West,VIP
C01421,2024-12-31,Southeast,Returning
C01422,2024-08-28,Northeast,New
C01423,2024-03-12,Southeast,New
C01424,2025-04-06,Midwest,Returning
C01425,2024-11-09,Southeast,Returning
C01426,2025-01-08,Midwest,VIP
C01427,2024-06-21,Northeast,New
C01428,2024-08-14,West,New
C01429,2025-01-03,Southeast,Returning
C01430,2024-12-05,West,Returning
C01431,2025-01-02,Midwest,Returning
C01432,2024-04-21,Southeast,Returning
C01433,2024-03-24,Midwest,VIP
C01434,2024-05-23,Southeast,New
C01435,2025-10-03,Northeast,Returning
C01436,2024-01-20,Northeast,Returning
C01437,2025-08-15,West,Returning
C01438,2024-08-05,Northeast,Returning
C01439,2025-07-10,West,Returning
C01440,2024-06-01,Midwest,New
C01441,2025-08-26,Midwest,New
C01442,2025-05-28,Northeast,New
C01443,2025-05-29,Northeast,Returning
C01444,2025-09-20,Southeast,Returning
C01445,2024-05-23,West,New
C01446,2025-08-02,Southeast,Returning
C01447,2025-05-10,Midwest,New
C01448,2025-05-14,Southeast,New
C01449,2025-01-13,Southeast,New
C01450,2024-07-30,Midwest,New
C01451,2025-04-10,Northeast,New
C01452,2025-10-26,Midwest,New
C01453,2025-06-17,Midwest,Returning
C01454,2024-09-26,Southeast,New
C01455,2025-01-22,Midwest,Returning
C01456,2024-03-20,Midwest,New
C01457,2024-08-16,West,New
C01458,2024-12-19,West,Returning
C01459,2025-09-10,Northeast,Returning
C01460,2024-05-22,West,New
C01461,2024-03-19,Midwest,New
C01462,2024-07-10,Southeast,New
C01463,2024-05-01,Southeast,Returning
C01464,2024-12-04,Northeast,Returning
C01465,2025-05-05,West,New
C01466,2024-06-14,West,New
C01467,2024-02-14,Southeast,Returning
C01468,2024-06-13,Southeast,Returning
C01469,2024-02-10,Southeast,New
C01470,2024-09-21,Southeast,Returning
C01471,2025-02-19,Northeast,VIP
C01472,2025-11-08,Midwest,VIP
C01473,2024-08-09,West,Returning
C01474,2025-04-27,West,New
C01475,2025-02-24,Southeast,Returning
C01476,2024-07-05,Midwest,New
C01477,2025-12-03,Midwest,VIP
C01478,2025-09-02,Northeast,New
C01479,2025-01-29,Southeast,New
C01480,2024-07-26,West,Returning
C01481,2025-09-12,Northeast,New
C01482,2025-09-21,Northeast,VIP
C01483,2025-06-28,Northeast,New
C01484,2025-11-06,Southeast,VIP
C01485,2025-07-06,Northeast,VIP
C01486,2025-11-25,West,Returning
C01487,2025-01-14,Northeast,Returning
C01488,2025-03-15,Southeast,VIP
C01489,2025-05-08,West,New
C01490,2025-12-14,Northeast,Returning
C01491,2024-09-17,West,Returning
C01492,2024-03-26,Midwest,Returning
C01493,2025-07-10,West,New
C01494,2024-01-06,Northeast,Returning
C01495,2024-04-30,Northeast,New
C01496,2024-07-29,Midwest,Returning
C01497,2024-04-19,Southeast,Returning
C01498,2025-08-22,Midwest,New
C01499,2025-07-02,West,Returning
C01500,2025-09-18,Midwest,VIP
C01501,2025-02-10,Southeast,Returning
C01502,2025-07-24,West,New
C01503,2025-07-26,West,New
C01504,2024-11-10,Midwest,Returning
C01505,2025-02-11,Southeast,VIP
C01506,2025-11-06,Northeast,Returning
C01507,2025-04-02,Southeast,New
C01508,2025-06-04,West,Returning
C01509,2025-07-17,Northeast,New
C01510,2025-10-13,Northeast,Returning
C01511,2024-05-28,West,VIP
C01512,2025-03-21,Northeast,New
C01513,2024-08-15,Midwest,New
C01514,2024-02-08,West,VIP
C01515,2025-02-14,Midwest,Returning
C01516,2025-09-03,Northeast,VIP
C01517,2024-06-28,West,Returning
C01518,2024-07-25,Midwest,New
C01519,2025-09-05,Southeast,Returning
C01520,2025-11-21,Northeast,New
C01521,2025-11-01,Northeast,VIP
C01522,2024-03-29,Midwest,Returning
C01523,2024-12-27,West,Returning
C01524,2024-07-24,Northeast,Returning
C01525,2024-03-11,Northeast,Returning
C01526,2025-07-26,Midwest,New
C01527,2024-10-10,Southeast,Returning
C01528,2024-07-18,West,VIP
C01529,2025-08-11,Northeast,New
C01530,2025-02-20,Northeast,Returning
C01531,2025-05-30,Midwest,New
C01532,2024-04-29,Midwest,VIP
C01533,2025-08-11,Midwest,Returning
C01534,2025-01-21,West,Returning
C01535,2024-12-13,West,Returning
C01536,2025-08-23,Northeast,Returning
C01537,2024-09-21,Northeast,New
C01538,2024-08-13,Southeast,Returning
C01539,2025-02-26,Midwest,Returning
C01540,2024-01-10,Midwest,New
C01541,2024-04-05,West,Returning
C01542,2024-12-16,Northeast,Returning
C01543,2024-07-01,West,New
C01544,2024-08-11,Midwest,New
C01545,2025-11-30,Southeast,Returning
C01546,2024-07-23,Southeast,Returning
C01547,2024-09-28,Southeast,New
C01548,2024-09-12,Midwest,New
C01549,2024-04-19,Northeast,VIP
C01550,2025-11-23,West,Returning
C01551,2025-07-08,Northeast,Returning
C01552,2025-01-15,Midwest,Returning
C01553,2025-08-11,Midwest,Returning
C01554,2025-06-07,Midwest,New
C01555,2025-08-13,Southeast,New
C01556,2025-03-09,West,VIP
C01557,2024-02-03,Midwest,New
C01558,2025-12-03,Southeast,Returning
C01559,2024-05-03,West,New
C01560,2024-01-09,Northeast,Returning
C01561,2025-01-23,Northeast,New
C01562,2025-09-19,Midwest,New
C01563,2024-09-26,Southeast,New
C01564,2025-09-19,Midwest,New
C01565,2025-05-25,West,New
C01566,2025-12-18,Midwest,New
C01567,2025-02-14,Midwest,Returning
C01568,2025-08-08,Southeast,VIP
C01569,2025-12-03,Southeast,Returning
C01570,2024-10-03,Southeast,Returning
C01571,2025-01-25,Southeast,New
C01572,2024-06-02,West,Returning
C01573,2024-06-29,West,Returning
C01574,2025-10-07,Midwest,Returning
C01575,2024-11-03,Midwest,Returning
C01576,2025-08-04,Northeast,New
C01577,2025-12-08,Southeast,New
C01578,2024-09-17,West,Returning
C01579,2024-04-08,West,Returning
C01580,2024-09-23,Midwest,New
C01581,2025-07-24,Midwest,New
C01582,2025-02-25,Northeast,New
C01583,2025-11-26,Southeast,Returning
C01584,2025-10-27,Southeast,VIP
C01585,2024-10-18,Midwest,New
C01586,2025-06-06,West,Returning
C01587,2025-04-02,Northeast,New
C01588,2024-10-20,West,Returning
C01589,2024-05-28,Southeast,Returning
C01590,2024-12-11,West,Returning
C01591,2025-08-08,West,Returning
C01592,2024-03-14,Northeast,New
C01593,2024-08-21,Midwest,New
C01594,2024-10-25,Midwest,Returning
C01595,2025-02-08,Midwest,VIP
C01596,2025-01-06,West,Returning
C01597,2024-07-07,Northeast,New
C01598,2024-08-28,Midwest,VIP
C01599,2025-12-18,Northeast,New
C01600,2025-02-10,Northeast,New
C01601,2025-04-29,Northeast,New
C01602,2025-02-10,Northeast,New
C01603,2025-09-24,Southeast,New
C01604,2025-02-03,Midwest,New
C01605,2024-10-17,West,Returning
C01606,2024-05-14,Southeast,New
C01607,2025-11-10,Midwest,VIP
C01608,2024-11-29,West,Returning
C01609,2025-07-07,Midwest,Returning
C01610,2024-05-18,Southeast,Returning
C01611,2025-04-12,West,Returning
C01612,2025-10-16,Midwest,VIP
C01613,2025-05-08,Southeast,Returning
C01614,2025-03-28,Midwest,New
C01615,2024-09-23,Southeast,New
C01616,2024-01-01,Southeast,New
C01617,2025-04-25,Northeast,Returning
C01618,2025-05-18,West,New
C01619,2025-03-16,Midwest,Returning
C01620,2024-01-08,Midwest,New
C01621,2025-07-28,West,New
C01622,2024-06-16,West,Returning
C01623,2024-08-13,Midwest,New
C01624,2025-10-02,Southeast,Returning
C01625,2025-09-19,Midwest,New
C01626,2025-06-28,Midwest,Returning
C01627,2024-03-11,Southeast,New
C01628,2024-04-23,West,Returning
C01629,2024-10-05,West,New
C01630,2024-01-20,Southeast,New
C01631,2025-07-01,Northeast,New
C01632,2024-04-14,Midwest,New
C01633,2025-03-24,Northeast,New
C01634,2024-06-03,Northeast,Returning
C01635,2024-12-16,West,New
C01636,2025-05-25,Midwest,Returning
C01637,2024-02-02,Midwest,New
C01638,2024-05-29,Northeast,New
C01639,2025-02-05,Northeast,Returning
C01640,2024-07-04,Southeast,VIP
C01641,2024-09-13,West,Returning
C01642,2024-05-04,Southeast,New
C01643,2025-03-29,Southeast,Returning
C01644,2024-02-04,Southeast,Returning
C01645,2024-04-06,Southeast,Returning
C01646,2025-11-28,Midwest,VIP
C01647,2024-06-11,Northeast,Returning
C01648,2025-07-16,Northeast,New
C01649,2025-10-15,Midwest,New
C01650,2024-02-23,Southeast,VIP
C01651,2024-08-29,West,New
C01652,2024-06-20,Midwest,Returning
C01653,2025-02-09,Southeast,New
C01654,2024-02-13,West,Returning
C01655,2024-06-07,Midwest,Returning
C01656,2024-09-11,Southeast,Returning
C01657,2025-12-03,Midwest,VIP
C01658,2025-10-02,Northeast,New
C01659,2025-10-22,Southeast,Returning
C01660,2024-04-19,Southeast,Returning
C01661,2024-11-20,Midwest,Returning
C01662,2025-03-25,Southeast,New
C01663,2025-01-21,Midwest,Returning
C01664,2024-09-13,Northeast,Returning
C01665,2025-03-24,Midwest,Returning
C01666,2025-05-16,Southeast,Returning
C01667,2025-07-10,Midwest,New
C01668,2025-04-24,Midwest,VIP
C01669,2025-09-05,Southeast,New
C01670,2024-06-07,West,New
C01671,2024-09-26,Midwest,Returning
C01672,2025-10-15,West,Returning
C01673,2024-01-20,Midwest,Returning
C01674,2024-09-01,Midwest,Returning
C01675,2025-11-05,West,New
C01676,2025-11-30,West,Returning
C01677,2024-06-06,Midwest,New
C01678,2025-10-18,Midwest,New
C01679,2025-06-19,Northeast,New
C01680,2024-05-12,Southeast,VIP
C01681,2024-07-25,Northeast,Returning
C01682,2024-04-11,Northeast,Returning
C01683,2025-02-01,West,Returning
C01684,2025-12-19,Midwest,New
C01685,2024-08-14,Northeast,New
C01686,2024-08-01,West,VIP
C01687,2024-03-22,West,Returning
C01688,2024-03-03,Midwest,Returning
C01689,2025-03-01,Midwest,Returning
C01690,2024-02-29,Midwest,Returning
C01691,2024-03-13,Midwest,New
C01692,2024-08-09,Northeast,New
C01693,2024-08-24,West,New
C01694,2025-06-22,Southeast,Returning
C01695,2024-07-02,West,Returning
C01696,2025-10-15,Midwest,Returning
C01697,2025-12-20,West,VIP
C01698,2024-06-19,Southeast,Returning
C01699,2025-05-31,Midwest,Returning
C01700,2025-06-30,West,VIP
C01701,2024-11-18,Midwest,Returning
C01702,2025-02-26,West,Returning
C01703,2024-11-27,Southeast,Returning
C01704,2024-08-07,West,Returning
C01705,2024-09-17,Midwest,VIP
C01706,2025-04-03,West,New
C01707,2024-02-05,Midwest,Returning
C01708,2025-06-14,Southeast,VIP
C01709,2024-11-05,Northeast,New
C01710,2024-08-15,Southeast,VIP
C01711,2024-01-23,Midwest,VIP
C01712,2025-06-07,Southeast,New
C01713,2025-04-16,Midwest,New
C01714,2024-09-28,Midwest,VIP
C01715,2024-09-12,Southeast,New
C01716,2024-11-03,Northeast,Returning
C01717,2025-08-05,Southeast,Returning
C01718,2024-11-28,West,New
C01719,2025-12-07,Northeast,Returning
C01720,2024-11-03,Northeast,Returning
C01721,2025-08-13,West,New
C01722,2024-02-27,Midwest,New
C01723,2025-03-20,West,VIP
C01724,2024-05-03,Southeast,Returning
C01725,2025-09-08,Northeast,Returning
C01726,2025-10-09,West,New
C01727,2025-06-20,Northeast,New
C01728,2025-08-01,Southeast,New
C01729,2025-12-15,Southeast,New
C01730,2025-11-20,West,VIP
C01731,2025-09-01,Northeast,New
C01732,2024-10-23,West,New
C01733,2024-12-10,Northeast,Returning
C01734,2024-02-20,West,New
C01735,2025-02-12,West,Returning
C01736,2024-05-13,Southeast,Returning
C01737,2024-07-21,West,New
C01738,2025-08-08,Southeast,Returning
C01739,2025-06-20,Southeast,New
C01740,2024-09-29,West,New
C01741,2025-08-12,Northeast,New
C01742,2025-02-27,West,New
C01743,2024-07-14,Midwest,New
C01744,2025-11-02,Northeast,Returning
C01745,2024-06-22,Midwest,Returning
C01746,2025-03-28,Southeast,Returning
C01747,2024-08-27,Southeast,Returning
C01748,2024-06-08,Northeast,New
C01749,2024-02-25,Southeast,VIP
C01750,2024-05-31,Midwest,New
C01751,2025-12-11,Northeast,New
C01752,2025-04-27,Northeast,New
C01753,2025-07-04,Southeast,New
C01754,2025-06-19,Midwest,Returning
C01755,2025-09-29,Southeast,Returning
C01756,2025-11-15,Northeast,New
C01757,2025-11-10,Northeast,New
C01758,2024-03-02,Midwest,New
C01759,2025-12-14,Midwest,New
C01760,2025-11-01,Northeast,New
C01761,2025-11-07,Midwest,Returning
C01762,2025-11-06,Midwest,VIP
C01763,2024-01-20,Midwest,VIP
C01764,2025-10-26,West,New
C01765,2025-01-24,Northeast,VIP
C01766,2025-05-11,Northeast,New
C01767,2025-05-27,West,Returning
C01768,2025-12-30,Northeast,New
C01769,2025-06-26,Midwest,New
C01770,2025-02-06,Southeast,New
C01771,2025-12-01,Midwest,New
C01772,2024-11-05,Southeast,VIP
C01773,2025-05-28,Midwest,Returning
C01774,2025-10-02,Midwest,VIP
C01775,2024-01-31,Midwest,New
C01776,2024-12-15,West,Returning
C01777,2024-03-30,West,Returning
C01778,2025-11-25,Southeast,Returning
C01779,2025-08-09,Southeast,Returning
C01780,2024-11-15,Midwest,Returning
C01781,2024-05-14,Southeast,Returning
C01782,2025-08-17,Southeast,VIP
C01783,2024-11-12,Southeast,Returning
C01784,2024-05-28,Southeast,New
C01785,2025-07-24,Northeast,New
C01786,2024-05-29,Northeast,Returning
C01787,2025-02-27,West,New
C01788,2025-10-14,Midwest,New
C01789,2024-07-11,Northeast,New
C01790,2024-01-27,Midwest,Returning
C01791,2025-09-19,Southeast,Returning
C01792,2024-08-24,Northeast,New
C01793,2025-12-05,West,New
C01794,2025-09-11,West,Returning
C01795,2025-01-17,Southeast,VIP
C01796,2025-05-18,West,New
C01797,2024-07-16,Southeast,New
C01798,2024-01-16,Midwest,VIP
C01799,2024-08-15,Southeast,Returning
C01800,2024-03-08,Southeast,VIP
C01801,2025-03-25,West,Returning
C01802,2025-04-13,Southeast,Returning
C01803,2024-02-12,West,Returning
C01804,2025-02-07,Northeast,Returning
C01805,2025-04-07,West,Returning
C01806,2024-02-13,Southeast,Returning
C01807,2025-02-09,Northeast,Returning
C01808,2025-06-12,Northeast,New
C01809,2025-03-26,West,VIP
C01810,2024-10-19,West,New
C01811,2024-10-28,Northeast,Returning
C01812,2024-05-25,West,Returning
C01813,2025-04-07,Northeast,Returning
C01814,2024-04-25,Southeast,Returning
C01815,2025-12-13,Southeast,New
C01816,2024-11-27,West,New
C01817,2025-04-09,Southeast,VIP
C01818,2024-04-02,Midwest,New
C01819,2025-10-26,Southeast,Returning
C01820,2024-05-06,Northeast,New
C01821,2025-04-05,Midwest,New
C01822,2025-12-25,West,Returning
C01823,2025-06-07,Southeast,New
C01824,2025-01-24,Northeast,Returning
C01825,2024-12-09,Southeast,New
C01826,2024-05-28,Southeast,Returning
C01827,2024-02-22,West,New
C01828,2025-04-01,Midwest,Returning
C01829,2024-04-30,Southeast,VIP
C01830,2024-01-04,Midwest,New
C01831,2025-05-24,West,Returning
C01832,2024-01-06,West,New
C01833,2025-08-25,West,Returning
C01834,2025-03-28,Northeast,Returning
C01835,2024-01-07,Southeast,VIP
C01836,2024-10-11,Southeast,New
C01837,2024-05-31,Northeast,Returning
C01838,2024-02-07,Southeast,VIP
C01839,2025-11-14,Midwest,New
C01840,2024-03-30,Northeast,New
C01841,2024-07-01,Southeast,Returning
C01842,2025-09-17,Southeast,VIP
C01843,2025-08-15,Midwest,VIP
C01844,2024-04-05,Midwest,New
C01845,2025-01-23,Northeast,Returning
C01846,2025-07-17,Northeast,New
C01847,2024-05-17,Northeast,Returning
C01848,2024-10-08,Midwest,Returning
C01849,2025-06-21,Southeast,Returning
C01850,2025-09-18,Northeast,New
C01851,2025-10-06,Northeast,Returning
C01852,2025-12-06,Midwest,Returning
C01853,2024-11-20,Midwest,Returning
C01854,2025-09-30,Midwest,VIP
C01855,2025-09-21,West,Returning
C01856,2025-10-09,West,Returning
C01857,2024-07-03,Southeast,Returning
C01858,2024-07-17,Northeast,New
C01859,2025-04-21,Northeast,Returning
C01860,2024-07-31,West,Returning
C01861,2024-12-07,Midwest,Returning
C01862,2025-10-14,Southeast,New
C01863,2024-07-25,Midwest,New
C01864,2024-03-10,Midwest,New
C01865,2025-07-17,Midwest,Returning
C01866,2024-04-26,Midwest,New
C01867,2025-08-05,Northeast,Returning
C01868,2024-07-17,Midwest,Returning
C01869,2025-11-19,West,VIP
C01870,2024-02-06,Southeast,Returning
C01871,2025-10-04,West,VIP
C01872,2025-07-03,Midwest,Returning
C01873,2025-02-27,Northeast,Returning
C01874,2024-11-02,Midwest,Returning
C01875,2024-01-20,Southeast,Returning
C01876,2024-12-05,Midwest,New
C01877,2024-06-01,Midwest,Returning
C01878,2024-12-13,West,Returning
C01879,2024-06-18,West,New
C01880,2024-04-29,Midwest,Returning
C01881,2024-11-18,Northeast,New
C01882,2024-03-29,West,VIP
C01883,2025-01-15,West,Returning
C01884,2024-11-05,Southeast,Returning
C01885,2024-06-28,Northeast,New
C01886,2024-02-08,Southeast,VIP
C01887,2025-03-30,Northeast,Returning
C01888,2025-05-27,Southeast,New
C01889,2025-05-10,Midwest,Returning
C01890,2024-05-26,Northeast,Returning
C01891,2025-06-12,Southeast,New
C01892,2024-02-07,West,New
C01893,2025-06-18,Northeast,New
C01894,2024-02-15,Northeast,New
C01895,2024-02-17,Northeast,Returning
C01896,2025-11-05,Midwest,New
C01897,2024-11-15,Southeast,New
C01898,2024-07-16,Midwest,New
C01899,2024-11-22,West,Returning
C01900,2024-10-06,Southeast,New
C01901,2024-04-27,Northeast,VIP
C01902,2025-07-27,Northeast,New
C01903,2024-12-24,Midwest,New
C01904,2025-12-22,Midwest,Returning
C01905,2024-06-24,Northeast,New
C01906,2024-12-12,West,New
C01907,2024-01-30,West,VIP
C01908,2024-02-21,Northeast,New
C01909,2024-03-29,West,New
C01910,2025-12-22,West,Returning
C01911,2024-11-15,Midwest,Returning
C01912,2025-12-31,Northeast,VIP
C01913,2025-04-21,Southeast,New
C01914,2025-12-16,West,New
C01915,2024-11-13,West,Returning
C01916,2024-08-17,Southeast,VIP
C01917,2025-09-23,Midwest,VIP
C01918,2025-02-05,Southeast,Returning
C01919,2025-11-12,Midwest,Returning
C01920,2024-11-28,West,Returning
C01921,2024-03-07,West,New
C01922,2025-05-05,West,Returning
C01923,2024-10-16,Midwest,Returning
C01924,2024-05-10,Northeast,Returning
C01925,2024-04-19,Midwest,Returning
C01926,2024-03-13,Midwest,Returning
C01927,2025-02-14,West,New
C01928,2024-09-06,Southeast,VIP
C01929,2025-01-28,Northeast,New
C01930,2025-12-11,West,Returning
C01931,2025-03-21,Midwest,Returning
C01932,2024-08-29,Southeast,Returning
C01933,2024-03-20,West,New
C01934,2025-09-02,West,New
C01935,2024-04-09,West,New
C01936,2025-02-19,Northeast,Returning
C01937,2025-12-02,West,New
C01938,2025-10-22,Northeast,New
C01939,2024-05-22,Northeast,Returning
C01940,2025-11-07,Southeast,Returning
C01941,2024-10-25,West,Returning
C01942,2025-04-02,Southeast,New
C01943,2024-11-20,Midwest,Returning
C01944,2025-11-26,Midwest,VIP
C01945,2025-03-21,Midwest,VIP
C01946,2025-08-19,Northeast,Returning
C01947,2025-06-06,West,Returning
C01948,2024-10-28,Northeast,New
C01949,2025-07-16,Northeast,New
C01950,2025-07-27,Midwest,New
C01951,2024-10-15,Northeast,New
C01952,2025-12-20,West,Returning
C01953,2025-12-29,West,Returning
C01954,2025-03-21,Southeast,Returning
C01955,2025-05-01,Southeast,New
C01956,2025-01-28,Midwest,Returning
C01957,2024-06-06,Midwest,VIP
C01958,2025-11-17,Southeast,New
C01959,2024-03-14,Northeast,New
C01960,2025-05-13,West,VIP
C01961,2024-05-19,Northeast,New
C01962,2025-03-01,West,VIP
C01963,2025-12-13,West,Returning
C01964,2025-04-10,West,Returning
C01965,2025-04-05,West,New
C01966,2024-07-09,West,Returning
C01967,2025-08-14,West,Returning
C01968,2024-08-30,Midwest,Returning
C01969,2025-07-13,Midwest,New
C01970,2024-02-08,West,Returning
C01971,2024-04-25,West,VIP
C01972,2024-03-22,Southeast,Returning
C01973,2025-06-23,Midwest,Returning
C01974,2024-03-21,Northeast,New
C01975,2025-10-07,Northeast,Returning
C01976,2025-07-06,Midwest,Returning
C01977,2024-12-17,Northeast,Returning
C01978,2025-06-08,West,Returning
C01979,2024-12-05,West,New
C01980,2024-10-28,Midwest,New
C01981,2025-12-12,Midwest,Returning
C01982,2025-07-31,Midwest,New
C01983,2025-04-29,Southeast,Returning
C01984,2025-11-03,Midwest,Returning
C01985,2025-10-01,Northeast,New
C01986,2024-03-25,Southeast,Returning
C01987,2024-10-11,Midwest,New
C01988,2024-10-14,Midwest,VIP
C01989,2024-01-15,Northeast,Returning
C01990,2025-08-28,Southeast,Returning
C01991,2025-01-13,Southeast,New
C01992,2025-12-18,Southeast,Returning
C01993,2025-06-24,Northeast,New
C01994,2024-03-27,Southeast,Returning
C01995,2024-06-06,West,Returning
C01996,2025-02-26,West,New
C01997,2025-03-26,Southeast,New
C01998,2024-12-19,Northeast,Returning
C01999,2024-04-28,Northeast,New
C02000,2025-02-12,West,New
